<?xml version="1.0" encoding="utf-8" ?>
<Defs>

    <ThingDef ParentName="Core_Gas">
        <defName>GasSarin_Gas</defName>
        <label>Sarin gas</label>
        <graphicData>
            <texPath>Things/Gas/Puff</texPath>
            <drawSize>2.2</drawSize>
            <color>(0.5,0.5,0.5,0.3)</color>
        </graphicData>
        <gas>
            <expireSeconds>
                <min>60</min>
                <max>360</max>
            </expireSeconds>
            <blockTurretTracking>false</blockTurretTracking>
            <accuracyPenalty>0</accuracyPenalty>
        </gas>
        <projectile>
            <damageDef>SarinGasExposure</damageDef>
            <damageAmountBase>0</damageAmountBase>
        </projectile>
    </ThingDef>

    <DamageDef>
        <defName>SarinGasExposure</defName>
        <label>sarin poisoning</label>
        <externalViolence>false</externalViolence>
        <deathMessage>{0} has succumbed to sarin exposure.</deathMessage>
        <hediff>SarinExposure</hediff>
    </DamageDef>

    <HediffDef ParentName="InfectionBase">
        <defName>SarinExposure</defName>
        <label>sarin poisoning</label>
        <labelNoun>a poisoning</labelNoun>
        <makesSickThought>true</makesSickThought>
        <defaultLabelColor>(1, 1, 1)</defaultLabelColor>
        <initialSeverity>1</initialSeverity>

        <comps>
            <li Class="HediffCompProperties_Disappears">
                <disappearsAfterTicks>
                    <min>5000</min>
                    <max>10000</max>
                </disappearsAfterTicks>
            </li>
        </comps>

        <stages>
            <li>
                <label>severe</label>
                <painOffset>0</painOffset>
                <capMods>
                    <li>
                        <capacity>BloodPumping</capacity>
                        <offset>-0.99</offset>
                    </li>
                    <li>
                        <capacity>Breathing</capacity>
                        <offset>-0.99</offset>
                    </li>
                    <li>
                        <capacity>BloodFiltration</capacity>
                        <offset>-0.99</offset>
                    </li>
                </capMods>
            </li>
        </stages>
    </HediffDef>
</Defs>