<?xml version="1.0" encoding="utf-8" ?>
<Defs>
    <WorkGiverDef>
        <defName>DoBillsTableChemical</defName>
        <label>create chemical compound</label>
        <giverClass>WorkGiver_DoBill</giverClass>
        <workType>Crafting</workType>
        <priorityInType>10</priorityInType>
        <fixedBillGiverDefs>
            <li>TableChemical</li>
        </fixedBillGiverDefs>
        <verb>craft chemicals</verb>
        <gerund>crafting chemicals</gerund>
        <requiredCapacities>
            <li>Manipulation</li>
        </requiredCapacities>
        <prioritizeSustains>true</prioritizeSustains>
    </WorkGiverDef>

    <WorkGiverDef>
        <defName>DoBillsTableMolecular</defName>
        <label>create ionic mass</label>
        <giverClass>WorkGiver_DoBill</giverClass>
        <workType>Crafting</workType>
        <priorityInType>20</priorityInType>
        <fixedBillGiverDefs>
            <li>TableMolecular</li>
        </fixedBillGiverDefs>
        <verb>craft ionic mass</verb>
        <gerund>crafting ionic mass</gerund>
        <requiredCapacities>
            <li>Manipulation</li>
        </requiredCapacities>
        <prioritizeSustains>true</prioritizeSustains>
    </WorkGiverDef>
</Defs>