<?xml version="1.0" encoding="utf-8" ?>
<Defs>
    <RecipeDef>
        <defName>chemicalMake</defName>
        <label>create compound</label>
        <description>Create a chemical compound from stuff you don't need.</description>
        <jobString>Producing chemicals.</jobString>
        <workAmount>800</workAmount>
        <workSkill>Crafting</workSkill>
        <effectWorking>Smelt</effectWorking>
        <soundWorking>Recipe_Smelt</soundWorking>
        <workSpeedStat>SmeltingSpeed</workSpeedStat>
        <workSkillLearnFactor>0.2</workSkillLearnFactor>

        <ingredients>
            <li>
                <filter>
                    <categories>
                        <li>Foods</li>
                        <li>Manufactured</li>
                        <li>ResourcesRaw</li>
                        <li>Items</li>
                        <li>Weapons</li>
                        <li>Apparel</li>
                        <li>Chunks</li>
                        <li>Corpses</li>
                        <li>Waste</li>
                    </categories>
                    <disallowedThingDefs>
                        <li>Chemicals</li>
                    </disallowedThingDefs>
                </filter>
                <count>1</count>
            </li>
        </ingredients>
        <fixedIngredientFilter>
            <categories>
                <li>Foods</li>
                <li>Manufactured</li>
                <li>ResourcesRaw</li>
                <li>Items</li>
                <li>Weapons</li>
                <li>Apparel</li>
                <li>Chunks</li>
                <li>Corpses</li>
                <li>Waste</li>
            </categories>
            <disallowedThingDefs>
                <li>Chemicals</li>
            </disallowedThingDefs>
        </fixedIngredientFilter>
        <products>
            <Chemicals>1</Chemicals>
        </products>
    </RecipeDef>

    <RecipeDef>
        <defName>chemicalMakeBulk</defName>
        <label>create bulk compound</label>
        <description>Create a bulk of chemical compound from stuff you don't need.</description>
        <jobString>Producing chemicals.</jobString>
        <workAmount>4000</workAmount>
        <workSkill>Crafting</workSkill>
        <effectWorking>Smelt</effectWorking>
        <soundWorking>Recipe_Smelt</soundWorking>
        <workSpeedStat>SmeltingSpeed</workSpeedStat>
        <workSkillLearnFactor>0.2</workSkillLearnFactor>

        <ingredients>
            <li>
                <filter>
                    <categories>
                        <li>Foods</li>
                        <li>Manufactured</li>
                        <li>ResourcesRaw</li>
                        <li>Items</li>
                        <li>Weapons</li>
                        <li>Apparel</li>
                        <li>Chunks</li>
                        <li>Corpses</li>
                        <li>Waste</li>
                    </categories>
                    <disallowedThingDefs>
                        <li>Chemicals</li>
                    </disallowedThingDefs>
                </filter>
                <count>5</count>
            </li>
        </ingredients>
        <fixedIngredientFilter>
            <categories>
                <li>Foods</li>
                <li>Manufactured</li>
                <li>ResourcesRaw</li>
                <li>Items</li>
                <li>Weapons</li>
                <li>Apparel</li>
                <li>Chunks</li>
                <li>Corpses</li>
                <li>Waste</li>
            </categories>
            <disallowedThingDefs>
                <li>Chemicals</li>
            </disallowedThingDefs>
        </fixedIngredientFilter>
        <products>
            <Chemicals>5</Chemicals>
        </products>
    </RecipeDef>
    
    <RecipeDef>
        <defName>chemicalMakeLargeBulk</defName>
        <label>create big bulk compound</label>
        <description>Create a big bulk of chemical compound from stuff you don't need.</description>
        <jobString>Producing chemicals.</jobString>
        <workAmount>6000</workAmount>
        <workSkill>Crafting</workSkill>
        <effectWorking>Smelt</effectWorking>
        <soundWorking>Recipe_Smelt</soundWorking>
        <workSpeedStat>SmeltingSpeed</workSpeedStat>
        <workSkillLearnFactor>0.2</workSkillLearnFactor>

        <ingredients>
            <li>
                <filter>
                    <categories>
                        <li>Foods</li>
                        <li>Manufactured</li>
                        <li>ResourcesRaw</li>
                        <li>Items</li>
                        <li>Weapons</li>
                        <li>Apparel</li>
                        <li>Chunks</li>
                        <li>Corpses</li>
                        <li>Waste</li>
                    </categories>
                    <disallowedThingDefs>
                        <li>Chemicals</li>
                    </disallowedThingDefs>
                </filter>
                <count>50</count>
            </li>
        </ingredients>
        <fixedIngredientFilter>
            <categories>
                <li>Foods</li>
                <li>Manufactured</li>
                <li>ResourcesRaw</li>
                <li>Items</li>
                <li>Weapons</li>
                <li>Apparel</li>
                <li>Chunks</li>
                <li>Corpses</li>
                <li>Waste</li>
            </categories>
            <disallowedThingDefs>
                <li>Chemicals</li>
            </disallowedThingDefs>
        </fixedIngredientFilter>
        <products>
            <Chemicals>50</Chemicals>
        </products>
    </RecipeDef>

    <RecipeDef>
        <defName>chemicalMakeRefined</defName>
        <label>create refined chemicals</label>
        <description>Create an assorted box of chemical compounds.</description>
        <jobString>Refining chemicals.</jobString>
        <workAmount>2000</workAmount>
        <workSkill>Crafting</workSkill>
        <effectWorking>Smelt</effectWorking>
        <soundWorking>Recipe_Smelt</soundWorking>
        <workSpeedStat>SmeltingSpeed</workSpeedStat>
        <workSkillLearnFactor>0.3</workSkillLearnFactor>

        <ingredients>
            <li>
                <filter>
                    <thingDefs>
                        <li>Chemicals</li>
                    </thingDefs>
                </filter>
                <count>20</count>
            </li>
        </ingredients>
        <fixedIngredientFilter>
            <thingDefs>
                <li>Chemicals</li>
            </thingDefs>
        </fixedIngredientFilter>
        <products>
            <RefinedChemicals>1</RefinedChemicals>
        </products>
        <researchPrerequisite>ChemistryRefinement</researchPrerequisite>
    </RecipeDef>

    <RecipeDef>
        <defName>chemicalMakeS</defName>
        <label>fabricate steel</label>
        <description>Create steel from chemical compounds.</description>
        <jobString>Producing steel.</jobString>
        <workAmount>2000</workAmount>
        <workSkill>Crafting</workSkill>
        <effectWorking>Smelt</effectWorking>
        <soundWorking>Recipe_Smelt</soundWorking>
        <workSpeedStat>SmeltingSpeed</workSpeedStat>
        <workSkillLearnFactor>0.4</workSkillLearnFactor>

        <ingredients>
            <li>
                <filter>
                    <thingDefs>
                        <li>Chemicals</li>
                    </thingDefs>
                </filter>
                <count>40</count>
            </li>
        </ingredients>
        <fixedIngredientFilter>
            <thingDefs>
                <li>Chemicals</li>
            </thingDefs>
        </fixedIngredientFilter>
        <products>
            <Steel>10</Steel>
        </products>
        <researchPrerequisite>ChemistryMetals</researchPrerequisite>
    </RecipeDef>

    <RecipeDef>
        <defName>chemicalMakeN</defName>
        <label>fabricate neutroamine</label>
        <description>Create neutroamine from chemical compounds.</description>
        <jobString>Producing neutroamine.</jobString>
        <workAmount>2500</workAmount>
        <workSkill>Crafting</workSkill>
        <effectWorking>Smelt</effectWorking>
        <soundWorking>Recipe_Smelt</soundWorking>
        <workSpeedStat>SmeltingSpeed</workSpeedStat>
        <workSkillLearnFactor>0.4</workSkillLearnFactor>

        <ingredients>
            <li>
                <filter>
                    <thingDefs>
                        <li>Chemicals</li>
                    </thingDefs>
                </filter>
                <count>100</count>
            </li>
        </ingredients>
        <fixedIngredientFilter>
            <thingDefs>
                <li>Chemicals</li>
            </thingDefs>
        </fixedIngredientFilter>
        <products>
            <Neutroamine>10</Neutroamine>
        </products>
        <researchPrerequisite>ChemistryChems</researchPrerequisite>
    </RecipeDef>

    <RecipeDef>
        <defName>chemicalMakeC</defName>
        <label>fabricate chemfuel</label>
        <description>Create chemfuel from chemical compounds.</description>
        <jobString>Producing chemfuel.</jobString>
        <workAmount>600</workAmount>
        <workSkill>Crafting</workSkill>
        <effectWorking>Smelt</effectWorking>
        <soundWorking>Recipe_Smelt</soundWorking>
        <workSpeedStat>SmeltingSpeed</workSpeedStat>
        <workSkillLearnFactor>0.4</workSkillLearnFactor>

        <ingredients>
            <li>
                <filter>
                    <thingDefs>
                        <li>Chemicals</li>
                    </thingDefs>
                </filter>
                <count>20</count>
            </li>
        </ingredients>
        <fixedIngredientFilter>
            <thingDefs>
                <li>Chemicals</li>
            </thingDefs>
        </fixedIngredientFilter>
        <products>
            <Chemfuel>2</Chemfuel>
        </products>
        <researchPrerequisite>ChemistryChems</researchPrerequisite>
    </RecipeDef>

    <RecipeDef>
        <defName>chemicalMakeU</defName>
        <label>fabricate uranium</label>
        <description>Create uranium from chemical compounds.</description>
        <jobString>Producing uranium.</jobString>
        <workAmount>3000</workAmount>
        <workSkill>Crafting</workSkill>
        <effectWorking>Smelt</effectWorking>
        <soundWorking>Recipe_Smelt</soundWorking>
        <workSpeedStat>SmeltingSpeed</workSpeedStat>
        <workSkillLearnFactor>0.4</workSkillLearnFactor>

        <ingredients>
            <li>
                <filter>
                    <thingDefs>
                        <li>Chemicals</li>
                    </thingDefs>
                </filter>
                <count>400</count>
            </li>
        </ingredients>
        <fixedIngredientFilter>
            <thingDefs>
                <li>Chemicals</li>
            </thingDefs>
        </fixedIngredientFilter>
        <products>
            <Uranium>10</Uranium>
        </products>
        <researchPrerequisite>ChemistryIsotopes</researchPrerequisite>
    </RecipeDef>

    <RecipeDef>
        <defName>chemicalMakePl</defName>
        <label>fabricate plasteel</label>
        <description>Create plasteel from chemical compounds.</description>
        <jobString>Producing plasteel.</jobString>
        <workAmount>2500</workAmount>
        <workSkill>Crafting</workSkill>
        <effectWorking>Smelt</effectWorking>
        <soundWorking>Recipe_Smelt</soundWorking>
        <workSpeedStat>SmeltingSpeed</workSpeedStat>
        <workSkillLearnFactor>0.4</workSkillLearnFactor>

        <ingredients>
            <li>
                <filter>
                    <thingDefs>
                        <li>Chemicals</li>
                    </thingDefs>
                </filter>
                <count>350</count>
            </li>
        </ingredients>
        <fixedIngredientFilter>
            <thingDefs>
                <li>Chemicals</li>
            </thingDefs>
        </fixedIngredientFilter>
        <products>
            <Plasteel>10</Plasteel>
        </products>
        <researchPrerequisite>ChemistryPlasteel</researchPrerequisite>
    </RecipeDef>

    <RecipeDef>
        <defName>chemicalMakeG</defName>
        <label>fabricate gold</label>
        <description>Create gold from chemical compounds.</description>
        <jobString>Producing gold.</jobString>
        <workAmount>2500</workAmount>
        <workSkill>Crafting</workSkill>
        <effectWorking>Smelt</effectWorking>
        <soundWorking>Recipe_Smelt</soundWorking>
        <workSpeedStat>SmeltingSpeed</workSpeedStat>
        <workSkillLearnFactor>0.4</workSkillLearnFactor>

        <ingredients>
            <li>
                <filter>
                    <thingDefs>
                        <li>Chemicals</li>
                    </thingDefs>
                </filter>
                <count>250</count>
            </li>
        </ingredients>
        <fixedIngredientFilter>
            <thingDefs>
                <li>Chemicals</li>
            </thingDefs>
        </fixedIngredientFilter>
        <products>
            <Gold>8</Gold>
        </products>
        <researchPrerequisite>ChemistryPlasteel</researchPrerequisite>
    </RecipeDef>

    <RecipeDef>
        <defName>chemicalMakeSi</defName>
        <label>fabricate silver</label>
        <description>Create silver from chemical compounds.</description>
        <jobString>Producing silver.</jobString>
        <workAmount>1000</workAmount>
        <workSkill>Crafting</workSkill>
        <effectWorking>Smelt</effectWorking>
        <soundWorking>Recipe_Smelt</soundWorking>
        <workSpeedStat>SmeltingSpeed</workSpeedStat>
        <workSkillLearnFactor>0.4</workSkillLearnFactor>

        <ingredients>
            <li>
                <filter>
                    <thingDefs>
                        <li>Chemicals</li>
                    </thingDefs>
                </filter>
                <count>100</count>
            </li>
        </ingredients>
        <fixedIngredientFilter>
            <thingDefs>
                <li>Chemicals</li>
            </thingDefs>
        </fixedIngredientFilter>
        <products>
            <Silver>100</Silver>
        </products>
        <researchPrerequisite>ChemistryPlasteel</researchPrerequisite>
    </RecipeDef>

</Defs>